name,count,rank
On,1883,1
So,1615,2
David,1064,3
Jesus,983,4
Put,868,5
Moses,851,6
Judah,816,7
Saul,420,8
Jacob,377,9
Death,372,10
Aaron,350,11
Daughter,327,12
Solomon,305,13
Pharaoh,273,14
Joseph,250,15
Ark,226,16
Joshua,217,17
Ephraim,177,18
Moab,168,19
Benjamin,166,20
Jeremiah,149,21
Manasseh,147,22
Joab,145,23
Samuel,144,24
John,138,25
Isaac,132,26
Hezekiah,128,27
Jonathan,121,28
Lot,108,29
Absalom,108,29
Jeroboam,104,30
Gilead,101,31
Esau,100,32
Ram,95,33
Ahab,94,34
Canaan,91,35
Jehoshaphat,85,36
Daniel,84,37
Simon,76,38
Reuben,74,39
Eleazar,74,39
Hebron,73,40
Levi,72,41
Gad,70,42
Dan,69,43
Elijah,69,43
King of Assyria,68,44
Abimelech,66,45
Baal,64,46
Shechem,64,46
Balaam,63,47
Abner,63,47
Zedekiah,62,48
Abram,61,49
Mordecai,60,50
Nebuchadnezzar,60,50
Jehu,59,51
Elisha,58,52
Job,58,52
Asa,56,53
Pilate,56,53
Satan,56,53
Laban,55,54
Mary,54,55
Josiah,53,56
Noah,53,56
Haman,53,56
Zadok,53,56
Jehoiada,52,57
Ephod,52,57
Simeon,50,58
Rehoboam,50,58
Naphtali,50,58
the angel of the LORD,50,58
Azariah,49,59
Joash,49,59
Ishmael,48,60
Jesse,47,61
Rachel,47,61
Zebulun,45,62
Herod,44,63
Issachar,44,63
James,44,63
Balak,43,64
Asher,43,64
Nathan,42,65
Ahaz,42,65
Shimei,42,65
Benaiah,42,65
Shemaiah,41,66
Amaziah,40,67
Zechariah,40,67
Merari,39,68
Midian,39,68
Ephah,39,68
Seir,39,68
Samson,39,68
Gideon,39,68
Sihon,37,69
Ahaziah,37,69
Jezreel,36,70
Philip,36,70
Caleb,36,70
Hamath,34,71
Asaph,34,71
Hilkiah,34,71
Leah,34,71
Judas,33,72
Eli,33,72
Isaiah,33,72
Micah,32,73
Gedaliah,32,73
Kohath,32,73
Sheba,32,73
Adam,31,74
Ahasuerus,31,74
Abiathar,31,74
Shaphan,30,75
Caesar,30,75
Rebekah,30,75
Nun,29,76
Hananiah,29,76
Joram,29,76
Jeshua,29,76
Jephthah,29,76
Baasha,28,77
Uriah,28,77
Amnon,28,77
Elam,28,77
Johanan,27,78
Ezra,27,78
Uzziah,27,78
Shallum,27,78
Adonijah,26,79
Korah,26,79
Zeruiah,26,79
Baruch,26,79
Abishai,25,80
Meshullam,25,80
Nebat,25,80
Darius,25,80
Maaseiah,25,80
Phinehas,25,80
Jotham,24,81
Tarshish,24,81
Boaz,24,81
Tamar,24,81
Amalek,24,81
Hiram,23,82
Jehoram,23,82
Hazael,23,82
Jehoahaz,23,82
Cyrus,23,82
Jezebel,23,82
Og,22,83
Nabal,22,83
Naboth,22,83
Zerubbabel,22,83
Machir,22,83
Sisera,21,84
Joel,21,84
Naomi,21,84
Kish,21,84
Obadiah,21,84
Elkanah,21,84
Eliab,21,84
Achish,21,84
Ithamar,21,84
Cain,20,85
Eden,20,85
Nadab,20,85
Ahithophel,20,85
Nethaniah,20,85
Abijah,20,85
Seraiah,20,85
Jonah,20,85
Ahikam,20,85
Ahijah,20,85
Zerah,19,86
King of Moab,19,86
Amon,19,86
Haran,19,86
Michal,18,87
Micaiah,18,87
Omri,18,87
Hezron,18,87
Gershon,18,87
Asahel,18,87
Tirzah,18,87
Keilah,18,87
Manoah,18,87
Ham,17,88
Shem,17,88
Eliashib,17,88
Athaliah,17,88
Elishama,17,88
Naaman,17,88
Elah,17,88
Abigail,17,88
Sarai,17,88
Nahor,17,88
Jehiel,16,89
Heman,16,89
Uzziel,16,89
Jephunneh,16,89
Abel,16,89
Hur,16,89
Amasa,16,89
Ziba,16,89
Ahimelech,16,89
Rabshakeh,16,89
Anathoth,16,89
Amariah,16,89
Mattaniah,16,89
Ner,16,89
Miriam,15,90
Artaxerxes,15,90
Lazarus,15,90
Ahimaaz,15,90
Bani,15,90
Amram,15,90
Hashabiah,15,90
Eliphaz,15,90
Michael,15,90
Nebuzaradan,15,90
Ahitub,15,90
Mephibosheth,15,90
Tobiah,15,90
Zimri,15,90
Eliezer,15,90
Eliakim,15,90
Sidon,14,91
Barak,14,91
Iddo,14,91
Gershom,14,91
Debir,14,91
Hushai,14,91
Rimmon,14,91
Titus,14,91
Heber,14,91
Jeduthun,14,91
Hadad,14,91
Ruth,14,91
Heth,14,91
Hannah,13,92
Remaliah,13,92
Amoz,13,92
Bela,13,92
Ophir,13,92
Martha,13,92
Rechab,13,92
Hamor,13,92
Jedaiah,13,92
Sennacherib,13,92
Abinadab,13,92
Obed,13,92
Kareah,13,92
Eber,13,92
Nebo,13,92
Eglon,13,92
Silas,13,92
Andrew,13,92
Amminadab,13,92
Ephron,13,92
Zebah,12,93
Lamech,12,93
Jonadab,12,93
Enoch,12,93
Zichri,12,93
Barzillai,12,93
Haggai,12,93
Zebedee,12,93
Agrippa,12,93
Hagar,12,93
Abihu,12,93
Jabesh,12,93
Hanan,12,93
Thomas,12,93
Kedar,12,93
Shephatiah,12,93
Gehazi,12,93
Anah,12,93
Zalmunna,12,93
Ananias,11,94
Jehoiachin,11,94
Dedan,11,94
Elihu,11,94
Japheth,11,94
Hanani,11,94
Harim,11,94
Beriah,11,94
Pekah,11,94
Hanun,11,94
Zacharias,11,94
Abiram,11,94
Shelah,11,94
Zephaniah,11,94
Er,11,94
Bilhah,11,94
Teman,11,94
Kenaz,11,94
Terah,11,94
Jeiel,11,94
Uzzi,11,94
Barabbas,11,94
Joah,11,94
Rezin,11,94
Urijah,11,94
Hoshea,11,94
Milcah,11,94
Zelophehad,11,94
Mahli,11,94
Beor,10,95
Ehud,10,95
Rahab,10,95
Neriah,10,95
Apollos,10,95
Ammihud,10,95
Shelemiah,10,95
Bathsheba,10,95
Eliel,10,95
Uzza,10,95
Dathan,10,95
Aram,10,95
Sanballat,10,95
Bethuel,10,95
Immer,10,95
Baanah,10,95
Ziph,10,95
Jeroham,10,95
Vashti,10,95
Cushi,10,95
Rehob,10,95
Gog,10,95
Mamre,10,95
Cornelius,10,95
Jair,10,95
Deborah,10,95
Reuel,10,95
Berechiah,10,95
Ezer,9,96
Amos,9,96
Nehemiah,9,96
Araunah,9,96
Shelomith,9,96
Shobal,9,96
Adaiah,9,96
Anak,9,96
Hepher,9,96
Jozabad,9,96
Jobab,9,96
Hadadezer,9,96
Shealtiel,9,96
Caiaphas,9,96
Zebadiah,9,96
Gera,9,96
Nahash,9,96
Nahshon,9,96
Timothy,9,96
Felix,9,96
Gaal,9,96
Meshech,8,97
Belshazzar,8,97
Seth,8,97
Jabin,8,97
Adah,8,97
Zaccur,8,97
Ittai,8,97
Uri,8,97
Bichri,8,97
Tubal,8,97
Shaphat,8,97
Mishael,8,97
Jachin,8,97
Ebal,8,97
Shammah,8,97
Mareshah,8,97
Pedaiah,8,97
Jerahmeel,8,97
Onan,8,97
Agag,8,97
Izhar,8,97
Carmi,8,97
Queen of Sheba,8,97
Mushi,8,97
Azmaveth,8,97
Zibeon,8,97
Mattithiah,8,97
Asshur,8,97
Abdon,8,97
Kadmiel,8,97
Jether,8,97
Sherebiah,8,97
Jerimoth,8,97
Jahath,8,97
Elioenai,8,97
Akkub,8,97
Penuel,8,97
Ophrah,8,97
Zabad,8,97
Dinah,8,97
Jeush,8,97
Rehum,8,97
Stephen,7,98
Dishon,7,98
Lotan,7,98
Achbor,7,98
Ahinoam,7,98
King of Edom,7,98
Elnathan,7,98
Ethan,7,98
Gamaliel,7,98
Shaul,7,98
Abiezer,7,98
Havilah,7,98
Shishak,7,98
Shebaniah,7,98
Arioch,7,98
Zippor,7,98
Peleg,7,98
Meraioth,7,98
Gedor,7,98
Cush,7,98
Othniel,7,98
Oreb,7,98
Binnui,7,98
Javan,7,98
Uz,7,98
Laish,7,98
Elon,7,98
Zilpah,7,98
Cainan,7,98
Maon,7,98
Tola,6,99
Tekoa,6,99
Methuselah,6,99
King of Tyre,6,99
King of the North,6,99
Jamin,6,99
Asaiah,6,99
Ammiel,6,99
Eliphelet,6,99
Ahio,6,99
Eliasaph,6,99
Jared,6,99
Ira,6,99
Ahiezer,6,99
Ariel,6,99
Talmai,6,99
Abihail,6,99
Aquila,6,99
Tappuah,6,99
Zabdi,6,99
Salmon,6,99
Herodias,6,99
Tahath,6,99
Azel,6,99
Alexander,6,99
Malluch,6,99
Azrikam,6,99
Delaiah,6,99
Ishi,6,99
Goliath,6,99
Shammai,6,99
Shema,6,99
Malchijah,6,99
Eshcol,6,99
Delilah,6,99
Achan,6,99
Ebed,6,99
Zebul,6,99
Jahaziel,6,99
Matthew,6,99
Jediael,6,99
Joktan,6,99
Meremoth,6,99
Gomer,6,99
Bebai,6,99
Bigvai,6,99
Jael,6,99
Elimelech,6,99
Jehohanan,6,99
Zeeb,6,99
Jeremoth,5,100
Tema,5,100
Abishua,5,100
Zerahiah,5,100
Shuah,5,100
Eshtemoa,5,100
Zanoah,5,100
Bezer,5,100
Arad,5,100
Pelatiah,5,100
Jeshaiah,5,100
Rephaiah,5,100
Hattush,5,100
Alphaeus,5,100
Chedorlaomer,5,100
Reu,5,100
Serug,5,100
Etam,5,100
Talmon,5,100
King of Jericho,5,100
Dodo,5,100
Bukki,5,100
Tychicus,5,100
Moza,5,100
Sheshan,5,100
Nicodemus,5,100
Dishan,5,100
Nahath,5,100
Hosah,5,100
Rehabiah,5,100
Ephrath,5,100
Aiah,5,100
Becher,5,100
Argob,5,100
Abijam,5,100
Nimshi,5,100
Hophni,5,100
Chenaanah,5,100
Parosh,5,100
Shelumiel,5,100
Ammishaddai,5,100
Libni,5,100
Ater,5,100
Hashum,5,100
Shedeur,5,100
Assir,5,100
Helez,5,100
Pagiel,5,100
Elizur,5,100
Gideoni,5,100
King of Ai,5,100
Japhia,5,100
Rekem,5,100
Ahilud,5,100
Abishag,5,100
Raamah,5,100
Magog,5,100
Jason,5,100
Zurishaddai,5,100
Zuar,5,100
Helon,5,100
Pedahzur,5,100
Abidan,5,100
Gaius,5,100
Ahira,5,100
Enan,5,100
Jozadak,5,100
Doeg,5,100
Zur,5,100
Gemariah,5,100
Haggith,5,100
Priscilla,5,100
King of the South,5,100
Joiarib,5,100
Bildad,5,100
Hanoch,5,100
Amasai,5,100
Naamah,5,100
Aristarchus,5,100
Hammedatha,5,100
Annas,4,101
Antichrist,4,101
Jokshan,4,101
Hoglah,4,101
Gabriel,4,101
Shuthelah,4,101
Mizraim,4,101
Keturah,4,101
Rizpah,4,101
Zophar,4,101
Zohar,4,101
Dumah,4,101
Ulam,4,101
Elizaphan,4,101
Henadad,4,101
Uzzah,4,101
Mishma,4,101
Shimshai,4,101
Nimrod,4,101
Seba,4,101
Lud,4,101
Bartholomew,4,101
Mikloth,4,101
Shimeah,4,101
Jehudi,4,101
Jabez,4,101
Shobab,4,101
Ahiman,4,101
Deuel,4,101
Achsah,4,101
Arah,4,101
Shimron,4,101
Onam,4,101
Bilhan,4,101
Nekoda,4,101
Giddel,4,101
Samlah,4,101
Shamir,4,101
Sheshbazzar,4,101
Hosea,4,101
Joiada,4,101
Ahiah,4,101
Mahlah,4,101
Guni,4,101
Timna,4,101
Pethahiah,4,101
Nepheg,4,101
Hushim,4,101
Joiakim,4,101
Adin,4,101
Hori,4,101
Shemiramoth,4,101
Eleasah,4,101
Bethzur,4,101
Azgad,4,101
Jaazaniah,4,101
Salma,4,101
Kore,4,101
Jebus,4,101
Hadoram,4,101
Shammua,4,101
Attai,4,101
Chimham,4,101
Elhanan,4,101
Epher,4,101
Azubah,4,101
Husham,4,101
King of Hamath,4,101
Pallu,4,101
Togarmah,4,101
Mesha,4,101
Pul,4,101
Jehozabad,4,101
Abinoam,4,101
Zeresh,4,101
Mahlon,4,101
Uriel,4,101
Shimea,4,101
Naarah,3,102
Erastus,3,102
Elpaal,3,102
Legion,3,102
Arba,3,102
Eve,3,102
Luke,3,102
Azriel,3,102
Jetur,3,102
Isshiah,3,102
Gallio,3,102
Jashub,3,102
Ezekiel,3,102
Mattenai,3,102
Toi,3,102
Elishah,3,102
Abdi,3,102
Mibsam,3,102
Jarib,3,102
Lydia,3,102
Kelita,3,102
Reaiah,3,102
Pelaiah,3,102
Hodaviah,3,102
Neariah,3,102
Joanna,3,102
Alemeth,3,102
Japhlet,3,102
Maacah,3,102
Sheshai,3,102
Eliada,3,102
Ibhar,3,102
Demetrius,3,102
Ziha,3,102
Peninnah,3,102
Nobah,3,102
Hoshaiah,3,102
Merab,3,102
Chilion,3,102
Shemariah,3,102
Eder,3,102
Paseah,3,102
Ahisamach,3,102
Bunni,3,102
Buz,3,102
Kemuel,3,102
Shabbethai,3,102
Abiel,3,102
Zuph,3,102
Gareb,3,102
Huppim,3,102
Ard,3,102
Puah,3,102
Claudius,3,102
Zipporah,3,102
Chenaniah,3,102
Mizzah,3,102
Tibni,3,102
Aner,3,102
Azaziah,3,102
Omar,3,102
Gatam,3,102
Galal,3,102
Maharai,3,102
Unni,3,102
Shebuel,3,102
Jashobeam,3,102
Adonikam,3,102
Bezai,3,102
Stephanas,3,102
Koz,3,102
Trophimus,3,102
Jaddua,3,102
Sallu,3,102
Ikkesh,3,102
Caphtor,3,102
Miniamin,3,102
Zattu,3,102
Oded,3,102
Hamul,3,102
Ithran,3,102
Hamutal,3,102
Perez,3,102
Asenath,3,102
Tahpenes,3,102
Bernice,3,102
Geshem,3,102
Nemuel,3,102
Jehonathan,3,102
Tobijah,3,102
Esarhaddon,3,102
Adrammelech,3,102
Bilgah,3,102
Manahath,3,102
Habakkuk,3,102
Mattan,3,102
Jehonadab,3,102
Shuppim,3,102
Zillah,3,102
Ithiel,3,102
Segub,3,102
Malchiel,3,102
Pekahiah,3,102
Ashbel,3,102
Jezer,3,102
Ebiasaph,3,102
Adiel,3,102
Shimri,3,102
Mahath,3,102
Bakbukiah,3,102
Memucan,3,102
Hegai,3,102
Zimmah,3,102
Demas,3,102
Lemuel,2,103
Philemon,2,103
Jehozadak,2,103
Anath,2,103
Julius,2,103
Publius,2,103
Kittim,2,103
Adna,2,103
Zabbai,2,103
Telem,2,103
Cozbi,2,103
Adriel,2,103
Elasah,2,103
Hazarmaveth,2,103
Habaiah,2,103
Hattil,2,103
Tiras,2,103
Bohan,2,103
Amzi,2,103
Bedan,2,103
Adbeel,2,103
Nebaioth,2,103
Sered,2,103
Shimeath,2,103
Zibiah,2,103
Hatita,2,103
Senaah,2,103
Eliud,2,103
Achim,2,103
Azor,2,103
Malachi,2,103
Nahum,2,103
Sheleph,2,103
Almodad,2,103
Gether,2,103
Hul,2,103
Abishalom,2,103
Lucius,2,103
Eri,2,103
Hephzibah,2,103
Baladan,2,103
Heldai,2,103
Zabdiel,2,103
Meshillemoth,2,103
King of the Ammonites,2,103
Amittai,2,103
Shomer,2,103
Tartan,2,103
Shalmaneser,2,103
Gadi,2,103
Ezbon,2,103
Shuni,2,103
Haggi,2,103
Jahleel,2,103
Hariph,2,103
Shemida,2,103
Asriel,2,103
Helek,2,103
Tertullus,2,103
Imlah,2,103
Shillem,2,103
Geber,2,103
Shemer,2,103
Iram,2,103
Magdiel,2,103
Mibzar,2,103
Ohad,2,103
Jemuel,2,103
Imnah,2,103
Areli,2,103
Azaliah,2,103
Beno,2,103
Jaaziah,2,103
Jehdeiah,2,103
Hadar,2,103
Bedad,2,103
Sharezer,2,103
Tirhakah,2,103
Tikvah,2,103
Huldah,2,103
Mahazioth,2,103
Hothir,2,103
Mallothi,2,103
Shua,2,103
Hirah,2,103
Potiphar,2,103
Ginath,2,103
Gazzam,2,103
Gahar,2,103
Shalmai,2,103
Amraphel,2,103
Bilshan,2,103
Mithredath,2,103
Ananiah,2,103
Zaccai,2,103
Besai,2,103
Bukkiah,2,103
Ozem,2,103
Pinon,2,103
Jetheth,2,103
Mezahab,2,103
Matred,2,103
Abda,2,103
Adoniram,2,103
Jahzeel,2,103
Genubath,2,103
Elzaphan,2,103
Jochebed,2,103
Aran,2,103
Cheran,2,103
Sacar,2,103
Adnah,2,103
Mijamin,2,103
Jekameam,2,103
Jeriah,2,103
Joshbekashah,2,103
Giddalti,2,103
Eliathah,2,103
Pelet,2,103
Gazez,2,103
Jekamiah,2,103
Mikneiah,2,103
Appaim,2,103
Seled,2,103
Abishur,2,103
Jada,2,103
Tanhumeth,2,103
Matthias,2,103
Shelomoth,2,103
Zetham,2,103
Melchizedek,2,103
Maaziah,2,103
Hezir,2,103
Baana,2,103
Zepho,2,103
Zelek,2,103
Ahiam,2,103
Eliahba,2,103
Sotai,2,103
Hatipha,2,103
Neziah,2,103
Barkos,2,103
Harsha,2,103
Mehida,2,103
Igal,2,103
Ribai,2,103
Mehetabel,2,103
Jarha,2,103
Ahlai,2,103
Shaaph,2,103
Zalmon,2,103
Diklah,2,103
Uzal,2,103
Jerah,2,103
Padon,2,103
Keros,2,103
Tabbaoth,2,103
Shobai,2,103
Orpah,2,103
Reba,2,103
King of Achshaph,2,103
Hillel,2,103
Ibzan,2,103
Amok,2,103
Anaiah,2,103
Elzabad,2,103
Uthai,2,103
Sheariah,2,103
Bocheru,2,103
Eshton,2,103
Chelub,2,103
Mahalath,2,103
Beeri,2,103
Eshban,2,103
Ephlal,2,103
Nogah,2,103
Madmannah,2,103
Abimael,2,103
King of Bela,2,103
Tidal,2,103
Jehoiarib,2,103
Thaddaeus,2,103
Darkon,2,103
Noadiah,2,103
Eglah,2,103
Ithream,2,103
Peleth,2,103
Tahan,2,103
Evi,2,103
Ichabod,2,103
Ginnethon,2,103
Sheva,2,103
Adoram,2,103
Medad,2,103
Eldad,2,103
Jakim,2,103
Joha,2,103
Imri,2,103
Eliam,2,103
Shobach,2,103
Irijah,2,103
Mered,2,103
Helah,2,103
Binea,2,103
Melech,2,103
Pithon,2,103
Shecaniah,2,103
Matthan,2,103
Hobab,2,103
Harhur,2,103
Hakupha,2,103
Bakbuk,2,103
Arvad,2,103
Sibbecai,2,103
Eldaah,2,103
Epaphroditus,2,103
Shashak,2,103
Jairus,2,103
Shual,2,103
Jered,2,103
Theophilus,2,103
Salome,2,103
Rufus,2,103
Zophah,2,103
Ishbak,2,103
Medan,2,103
Kedemah,2,103
Naphish,2,103
Madai,2,103
Elishua,2,103
Ahihud,2,103
Barachel,2,103
Teresh,2,103
Massa,2,103
Izrahiah,2,103
Ahi,2,103
Archippus,2,103
Hymenaeus,2,103
Onesiphorus,2,103
Mehujael,2,103
Irad,2,103
Immanuel,2,103
Zimran,2,103
Crispus,2,103
Abital,2,103
Dodanim,2,103
Shilhi,2,103
Serah,2,103
Agabus,2,103
Tabitha,2,103
Aeneas,2,103
Sallai,2,103
Kolaiah,2,103
Onesimus,2,103
King of Makkedah,2,103
Shamgar,2,103
Allon,2,103
Ziza,2,103
Mattathias,2,103
Melchi,2,103
Matthat,2,103
Riphath,2,103
Bigthan,1,104
Abaddon,1,104
Hermogenes,1,104
Eunice,1,104
Lois,1,104
King of Kedesh,1,104
King of Jokneam,1,104
Clement,1,104
Syntyche,1,104
King of Lasharon,1,104
King of Aphek,1,104
King of Hepher,1,104
King of Bethel,1,104
King of Adullam,1,104
Jannes,1,104
Enosh,1,104
Jubal,1,104
Jabal,1,104
Horam,1,104
Marsena,1,104
Meres,1,104
Admatha,1,104
Shethar,1,104
Reumah,1,104
Anna,1,104
Caesar Augustus,1,104
Iri,1,104
Jahdo,1,104
Jeshishai,1,104
Jaroah,1,104
Huri,1,104
Zia,1,104
Jorai,1,104
Shapham,1,104
Baaseiah,1,104
Haggiah,1,104
Ahimoth,1,104
Abida,1,104
Shiphi,1,104
Peresh,1,104
Ahishahar,1,104
Zethan,1,104
Maath,1,104
Lysanias,1,104
Phanuel,1,104
Jaakobah,1,104
Asiel,1,104
Jahdiel,1,104
Abdiel,1,104
Benhanan,1,104
Rinnah,1,104
Shimon,1,104
Azaz,1,104
Beerah,1,104
Tebah,1,104
Ethni,1,104
Elead,1,104
Aniam,1,104
Ahian,1,104
Mattatha,1,104
Melea,1,104
Jorim,1,104
Cosam,1,104
Addi,1,104
Neri,1,104
Rhesa,1,104
Joshah,1,104
Jamlech,1,104
Meshobab,1,104
Rakem,1,104
Sheresh,1,104
Hodiah,1,104
Jekuthiel,1,104
Ishbah,1,104
Rephah,1,104
Timaeus,1,104
Bartimaeus,1,104
Shelesh,1,104
Imna,1,104
Jehubbah,1,104
Philologus,1,104
Hermas,1,104
Patrobas,1,104
Hermes,1,104
Jahmai,1,104
Jeriel,1,104
Kishi,1,104
Ashvath,1,104
Bimhal,1,104
Pasach,1,104
Hotham,1,104
Telah,1,104
Resheph,1,104
Saraph,1,104
Jokim,1,104
Laadah,1,104
Lecah,1,104
Zoheth,1,104
Tilon,1,104
Aharhel,1,104
Harum,1,104
Zobebah,1,104
Naham,1,104
Ishpan,1,104
Shimrath,1,104
Beraiah,1,104
Talitha,1,104
Abihud,1,104
Nohah,1,104
Ara,1,104
Beera,1,104
Shilshah,1,104
Shamma,1,104
Imrah,1,104
Beri,1,104
Harnepher,1,104
Suah,1,104
Gaham,1,104
Rohgah,1,104
Ishma,1,104
Naam,1,104
Iru,1,104
Meonothai,1,104
Hathath,1,104
Tarea,1,104
Amal,1,104
Misham,1,104
Abitub,1,104
Jeuz,1,104
Zibia,1,104
Hodesh,1,104
Baara,1,104
Shaharaim,1,104
Ahoah,1,104
Shamsherai,1,104
Elienai,1,104
Ishmerai,1,104
Eshek,1,104
Tehinnah,1,104
Mehir,1,104
Lahad,1,104
Ahumai,1,104
Anani,1,104
Hizkiah,1,104
Jalon,1,104
Tiria,1,104
Ziphah,1,104
Chuza,1,104
Temeni,1,104
Hushah,1,104
Idbash,1,104
Elnaam,1,104
Joshaviah,1,104
Jeribai,1,104
Shehariah,1,104
Heresh,1,104
Bakbakkar,1,104
Hasshub,1,104
Meshillemith,1,104
Jahzerah,1,104
Aretas,1,104
Achaicus,1,104
Chloe,1,104
Quartus,1,104
Tertius,1,104
Sosipater,1,104
Olympas,1,104
Julia,1,104
Ibnijah,1,104
Michri,1,104
Ibneiah,1,104
Jeuel,1,104
Bariah,1,104
Anub,1,104
Ethnan,1,104
Zereth,1,104
Haahashtari,1,104
Arnan,1,104
Hasadiah,1,104
Ohel,1,104
Hashubah,1,104
Nedabiah,1,104
Archelaus,1,104
Eluzai,1,104
Jeziel,1,104
Shama,1,104
Uzzia,1,104
Joshaphat,1,104
Shiza,1,104
Adina,1,104
Ezbai,1,104
Shemeber,1,104
Shinab,1,104
Birsha,1,104
Bera,1,104
Jidlaph,1,104
Pildash,1,104
Hazo,1,104
Nereus,1,104
Raham,1,104
Aziel,1,104
Jaaziel,1,104
Ben,1,104
Chesed,1,104
Mishmannah,1,104
Joelah,1,104
Joezer,1,104
Hoshama,1,104
Judith,1,104
Ahuzzath,1,104
Malchiram,1,104
Haroeh,1,104
Hareph,1,104
Gibea,1,104
Bealiah,1,104
Obal,1,104
Shemaah,1,104
Jaasiel,1,104
Ithmah,1,104
Jehiah,1,104
Cleopas,1,104
Susanna,1,104
Zaza,1,104
Tirhanah,1,104
Sheber,1,104
Regem,1,104
Jahdai,1,104
Eker,1,104
Maaz,1,104
Atarah,1,104
Oren,1,104
Hakkoz,1,104
Seorim,1,104
Zina,1,104
Molid,1,104
Ahban,1,104
Timon,1,104
Nicanor,1,104
Prochorus,1,104
Theudas,1,104
Sapphira,1,104
Malchus,1,104
Hemdan,1,104
Haziel,1,104
Lahmi,1,104
Zeri,1,104
Ibri,1,104
Ezri,1,104
Shoham,1,104
Gamul,1,104
Shepho,1,104
Alvan,1,104
Hemam,1,104
Akan,1,104
Zaavan,1,104
Nehushta,1,104
Bunah,1,104
Jeshebeab,1,104
Tebaliah,1,104
Semachiah,1,104
Rephael,1,104
Othni,1,104
Huppah,1,104
Jathniel,1,104
Zaham,1,104
Ardon,1,104
Jesher,1,104
Jerioth,1,104
Raddai,1,104
Chelubai,1,104
Alvah,1,104
Jedidah,1,104
Haruz,1,104
Meshullemeth,1,104
Hachmoni,1,104
Jaziz,1,104
Obil,1,104
Adlai,1,104
Shitrai,1,104
Dodai,1,104
Hadlai,1,104
Abi,1,104
Jerusha,1,104
Jecoliah,1,104
Ziphion,1,104
Phlegon,1,104
Andronicus,1,104
Arodi,1,104
Arieh,1,104
King of Arpad,1,104
Harhas,1,104
King of Damascus,1,104
Elishaphat,1,104
Amasiah,1,104
Tobadonijah,1,104
Ethbaal,1,104
Jehosheba,1,104
Bidkar,1,104
Ismachiah,1,104
Conaniah,1,104
Magbish,1,104
Gibbar,1,104
Regemmelech,1,104
King of Nineveh,1,104
Pethuel,1,104
King Jareb,1,104
Diblaim,1,104
Mash,1,104
Ishmaiah,1,104
Shamhuth,1,104
Ammizabad,1,104
Parmenas,1,104
Hezion,1,104
Sergius,1,104
Manaen,1,104
Blastus,1,104
Rhoda,1,104
Muppim,1,104
Rosh,1,104
Ehi,1,104
Persis,1,104
Tryphosa,1,104
Narcissus,1,104
Aristobulus,1,104
Apelles,1,104
Stachys,1,104
Hiel,1,104
Ahinadab,1,104
Taphath,1,104
Ahishar,1,104
Zabud,1,104
Shisha,1,104
Elihoreph,1,104
Rezon,1,104
Darda,1,104
Calcol,1,104
Paruah,1,104
Hagab,1,104
Iscah,1,104
Reelaiah,1,104
Joahaz,1,104
Candace,1,104
Nicolas,1,104
Hagabah,1,104
Lebanah,1,104
Siaha,1,104
Hasupha,1,104
Peruda,1,104
Zeruah,1,104
Elisheba,1,104
Naharai,1,104
Paarai,1,104
Hezro,1,104
Ahasbai,1,104
Sharar,1,104
Jashen,1,104
Jorah,1,104
Arza,1,104
Shiphrah,1,104
Tabeel,1,104
Bishlam,1,104
Saph,1,104
Rei,1,104
Machi,1,104
Geuel,1,104
Armoni,1,104
Shobi,1,104
Ithra,1,104
Dibri,1,104
Putiel,1,104
Abiasaph,1,104
Hiddai,1,104
Heleb,1,104
Elika,1,104
Agee,1,104
Baalis,1,104
Ephai,1,104
Shimeon,1,104
Ami,1,104
Jaalah,1,104
Lael,1,104
Raphu,1,104
Salu,1,104
Sceva,1,104
Palti,1,104
Jerubbesheth,1,104
Zuriel,1,104
Sabtah,1,104
Bazluth,1,104
Meunim,1,104
Asnah,1,104
Shashai,1,104
Machnadebai,1,104
Vaniah,1,104
Zabbud,1,104
Hakkatan,1,104
Josiphiah,1,104
Prince of the Kingdom of Persia,1,104
Ashpenaz,1,104
Tyrannus,1,104
Damaris,1,104
Dionysius,1,104
Chileab,1,104
Maoch,1,104
Vophsi,1,104
Nahbi,1,104
Buzi,1,104
Athlai,1,104
Aziza,1,104
Ramiah,1,104
Kelaiah,1,104
Sethur,1,104
Gemalli,1,104
Susi,1,104
Gaddi,1,104
Sodi,1,104
Gaddiel,1,104
Paltiel,1,104
Parnach,1,104
Shiphtan,1,104
Hanniel,1,104
Zebina,1,104
Sharai,1,104
Bilgai,1,104
Chenani,1,104
Bedeiah,1,104
Uel,1,104
Maadai,1,104
Jeremai,1,104
Jucal,1,104
Jehucal,1,104
Abdeel,1,104
Igdaliah,1,104
Sargon,1,104
Azbuk,1,104
Hallohesh,1,104
Harumaph,1,104
Chelal,1,104
Sheal,1,104
Melatiah,1,104
Besodeiah,1,104
Hassenaah,1,104
Azzur,1,104
Beninu,1,104
Porcius,1,104
Drusilla,1,104
Mnason,1,104
Tohu,1,104
King of Arad,1,104
Eran,1,104
Piram,1,104
Hoham,1,104
Aphiah,1,104
Zeror,1,104
Azaniah,1,104
Piltai,1,104
Moadiah,1,104
Helkai,1,104
Meraiah,1,104
Nahamani,1,104
Zalaph,1,104
Uzai,1,104
Palal,1,104
Pelaliah,1,104
Gabbai,1,104
Joed,1,104
Hazaiah,1,104
Athaiah,1,104
Anan,1,104
Harhaiah,1,104
Jadon,1,104
Jeberechiah,1,104
Hashabnah,1,104
Shobek,1,104
Magpiash,1,104
Nebai,1,104
Maai,1,104
Gilalai,1,104
Milalai,1,104
Kallai,1,104
Jogli,1,104
Chislon,1,104
Elidad,1,104
King of Libnah,1,104
King of Hormah,1,104
King of Geder,1,104
King of Debir,1,104
Carshena,1,104
Zethar,1,104
Abagtha,1,104
Pedahel,1,104
Shelomi,1,104
Azzan,1,104
King of Megiddo,1,104
King of Taanach,1,104
Eutychus,1,104
Secundus,1,104
Sopater,1,104
Bigtha,1,104
Harbona,1,104
Biztha,1,104
Mehuman,1,104
Jezrahiah,1,104
King of Dor,1,104
Shaashgaz,1,104
Hadassah,1,104
Antipas,1,104
Diotrephes,1,104
Kenan,1,104
Apphia,1,104
Jambres,1,104
Zenas,1,104
Artemas,1,104
Aspatha,1,104
Dalphon,1,104
Parshandatha,1,104
Ucal,1,104
Jakeh,1,104
Agur,1,104
Jesimiel,1,104
Jeshohaiah,1,104
Claudia,1,104
Linus,1,104
Pudens,1,104
Eubulus,1,104
Crescens,1,104
Philetus,1,104
Ashkenaz,1,104
Aridai,1,104
Arisai,1,104
Parmashta,1,104
Aridatha,1,104
Adalia,1,104
Poratha,1,104
King of Tirzah,1,104
Tubal-cain,0,105
Mahalalel,0,105
Methushael,0,105
Hathach,0,105
Vaizatha,0,105
Jemimah,0,105
Keziah,0,105
Keren-happuch,0,105
Shear-jashub,0,105
Carkas,0,105
Amashsai,0,105
Ahzai,0,105
Haggedolim,0,105
Gishpa,0,105
Pilha,0,105
Hashbaddanah,0,105
Meshezabel,0,105
Hashabneiah,0,105
Col-hozeh,0,105
Bavvai,0,105
King of Sidon,0,105
Hanamel,0,105
Mahseiah,0,105
Habazziniah,0,105
Ebed-melech,0,105
Mattattah,0,105
Cheluhi,0,105
Jaasu,0,105
Jaddai,0,105
Hacaliah,0,105
Netanel,0,105
Izziah,0,105
Isshijah,0,105
Nergal-sar-ezer,0,105
Samgar-nebu,0,105
Sar-sekim,0,105
Nebushazban,0,105
Prince of Greece,0,105
daughter of the King of the South,0,105
Tattenai,0,105
Shethar-bozenai,0,105
Jahzeiah,0,105
Pochereth-hazzebaim,0,105
Osnappar,0,105
Nephisim,0,105
Temah,0,105
Hassophereth,0,105
Mispar,0,105
Pahath-moab,0,105
a despicable person,0,105
Lo-ruhamah,0,105
Lo-ammi,0,105
Ben-hail,0,105
Dodavahu,0,105
Azaryahu,0,105
Sephatiah,0,105
King of Aram,0,105
Jehikhiah,0,105
Huram-abi,0,105
Romamti-ezer,0,105
Eliehoenai,0,105
Peullethai,0,105
Happizzez,0,105
Jehezkel,0,105
Asharelah,0,105
Machbannai,0,105
Eliphelehu,0,105
Beracah,0,105
Azarel,0,105
Hagri,0,105
Meshuallam,0,105
Hassenuah,0,105
Pashhur,0,105
Maasai,0,105
Jaareshiah,0,105
Zecher,0,105
Jehoaddah,0,105
Ishpah,0,105
Hizki,0,105
Izliah,0,105
Zillethai,0,105
Anthothijah,0,105
Iphdeiah,0,105
Malcam,0,105
Sachia,0,105
Mirmah,0,105
Shemed,0,105
Pispa,0,105
Rizia,0,105
Sheerah,0,105
Ladan,0,105
Birzaith,0,105
Hammolecheth,0,105
Ishhod,0,105
Lihki,0,105
Eleadah,0,105
Ibsam,0,105
Zemirah,0,105
Elizabeth,0,105
Quirinius,0,105
Jannai,0,105
Hesli,0,105
Naggai,0,105
Semein,0,105
Josech,0,105
Jeatherai,0,105
Janai,0,105
Jacan,0,105
Joshibiah,0,105
Ben-zoheth,0,105
Jashubi-lehem,0,105
Hammuel,0,105
Joda,0,105
Joanan,0,105
Elmadam,0,105
Jonam,0,105
Menna,0,105
Admin,0,105
Jehallelel,0,105
Asarel,0,105
Ezrah,0,105
Bithia,0,105
Soco,0,105
Shuhah,0,105
Beth-rapha,0,105
Hazzelelponi,0,105
Ahuzzam,0,105
Shenazzar,0,105
Jushab-hesed,0,105
Geshan,0,105
Machbena,0,105
Sismai,0,105
Jorkeam,0,105
Zaccheus,0,105
Clopas,0,105
Evil-merodach,0,105
Bath-shua,0,105
Ashhur,0,105
Pharaoh Neco,0,105
Zebidah,0,105
Nathan-melech,0,105
Shebnah,0,105
King of Sepharvaim,0,105
King of Hena,0,105
King of Ivvah,0,105
Berodach-baladan,0,105
Tiglath-pileser,0,105
Rab-saris,0,105
Jehoaddin,0,105
Menachem,0,105
Jozacar,0,105
the Ethiopian eunuch,0,105
Bar-Jesus,0,105
Ben-hadad,0,105
Tabrimmon,0,105
Ela,0,105
Ben-hur,0,105
Ben-deker,0,105
Ben-hesed,0,105
Ben-abinadab,0,105
Ben-geber,0,105
Abi-albon,0,105
Jaare-oregim,0,105
Josheb-basshebeth,0,105
Ishbi-benob,0,105
Raphah,0,105
Mica,0,105
King of Maacah,0,105
Titius,0,105
Obed-edom,0,105
Ish-bosheth,0,105
Becorath,0,105
Malchi-shua,0,105
King of the sons of Ammon,0,105
Lappidoth,0,105
Purah,0,105
King of Goiim in Gilgal,0,105
Adoni-bezek,0,105
Cushan-rishathaim,0,105
King of Shimron,0,105
King of Tappuah,0,105
King of Shimron-meron,0,105
Pyrrhus,0,105
the captain of the host of the LORD,0,105
Adoni-zedek,0,105
Jashar,0,105
Iezer,0,105
Nethanel,0,105
Ochran,0,105
Bezalel,0,105
Oholiab,0,105
Sithri,0,105
Phoebe,0,105
Epanetus,0,105
Junias,0,105
Ampliatus,0,105
Urbanus,0,105
Herodian,0,105
Tryphaena,0,105
Asynchritus,0,105
Puvvah,0,105
Iob,0,105
Ishvah,0,105
Ishvi,0,105
Potiphera,0,105
Oholibamah,0,105
Baal-hanan,0,105
Jalam,0,105
Basemath,0,105
Leum,0,105
Tahash,0,105
Letush,0,105
Forunatus,0,105
Wife of Lot,0,105
Firstborn of Lot,0,105
Younger of Lot,0,105
Ben-ammi,0,105
Phicol,0,105
Arpachshad,0,105
Casluh,0,105
Amor,0,105
Girgash,0,105
Hivi,0,105
Sini,0,105
Zemar,0,105
Sabteca,0,105
Anam,0,105
Lehab,0,105
Naphtuh,0,105
Pathrus,0,105
Euodia,0,105
Nympha,0,105
Phygelus,0,105
YHVH,0,105
Jucam,0,105
Zaboud,0,105
Rokeim,0,105
